CREATE DATABASE EVENTO;

use EVENTO;

CREATE TABLE SIMPOSIO(
	`ID` INT NOT NULL AUTO_INCREMENT PRIMARY KEY,
    `NOME` VARCHAR (150)
    
);


CREATE TABLE PESSOA(
	`ID` INT NOT NULL AUTO_INCREMENT PRIMARY KEY,
    `NOME` VARCHAR (150)
);


CREATE TABLE MINICURSO(
	`ID` INT NOT NULL AUTO_INCREMENT PRIMARY KEY,
    `NOME` VARCHAR (150)
);


CREATE TABLE TEMA(
	`ID` INT NOT NULL AUTO_INCREMENT PRIMARY KEY,
    `NOME` VARCHAR (150)
);


CREATE TABLE ARTIGO(
	`ID` INT NOT NULL AUTO_INCREMENT PRIMARY KEY,
    `NOME` VARCHAR (150),
    `ID_TEMA` INT NOT NULL,
    CONSTRAINT FK_ID_TEMA_ARTIGO_TEMA
		FOREIGN KEY (ID_TEMA)
        REFERENCES TEMA (ID)
);


CREATE TABLE COMISSAO_CIENTIFICA(
	`ID` INT NOT NULL AUTO_INCREMENT PRIMARY KEY,
    `ID_TEMA` INT NOT NULL,
    CONSTRAINT FK_ID_TEMA_COMISSAO_TEMA
		FOREIGN KEY (ID_TEMA)
        REFERENCES TEMA (ID)
);


CREATE TABLE AVALIACAO_ARTIGO_COMISSAO(
	`ID_ARTIGO` INT NOT NULL,
    `ID_COMISSAO` INT NOT NULL,
    PRIMARY KEY(ID_ARTIGO, ID_COMISSAO),
    CONSTRAINT FK_ID_ARTIGO_COMISSAO_ARTIGO
		FOREIGN KEY (ID_ARTIGO)
        REFERENCES ARTIGO (ID),
	CONSTRAINT FK_ID_COMISSAO_AVALIACAO_COMISSAO_CIENTIFICA
		FOREIGN KEY (ID_COMISSAO)
        REFERENCES COMISSAO_CIENTIFICA (ID) 
);


CREATE TABLE PESSOA_ARTIGO(
	`ID_PESSOA` INT NOT NULL,
    `ID_ARTIGO` INT NOT NULL,
    PRIMARY KEY(ID_PESSOA, ID_ARTIGO),
    CONSTRAINT FK_ID_PESSOA_ARTIGO_PESSOA
		FOREIGN KEY (ID_PESSOA)
        REFERENCES PESSOA (ID),
	CONSTRAINT FK_ID_ARTIGO_ARTIGO
		FOREIGN KEY (ID_ARTIGO)
        REFERENCES ARTIGO (ID)
);


CREATE TABLE MINICURSO_SIMPOSIO(
	`ID_MINICURSO` INT NOT NULL,
    `ID_SIMPOSIO` INT NOT NULL,
    PRIMARY KEY(ID_MINICURSO, ID_SIMPOSIO),  
    CONSTRAINT FK_ID_MINICURSO_SIMPOSIO_MINICURSO
		FOREIGN KEY (ID_MINICURSO)
        REFERENCES MINICURSO (ID),
	CONSTRAINT FK_ID_SIMPOSIO_MINICURSO_SIMPOSIO
		FOREIGN KEY (ID_SIMPOSIO)
        REFERENCES SIMPOSIO (ID)
);


CREATE TABLE PESSOA_MINICURSO(
	`ID_PESSOA` INT NOT NULL,
    `ID_MINICURSO` INT NOT NULL,
    `ID_SIMPOSIO` INT NOT NULL,
    PRIMARY KEY(ID_PESSOA, ID_MINICURSO, ID_SIMPOSIO),
    CONSTRAINT FK_ID_PESSOA_MINICURSO_PESSOA
		FOREIGN KEY (ID_PESSOA)
        REFERENCES PESSOA (ID),
	CONSTRAINT FK_ID_MINICURSO_MINICURSO
		FOREIGN KEY (ID_MINICURSO)
        REFERENCES MINICURSO (ID),
	CONSTRAINT FK_ID_SIMPOSIO_PESSOA_MINICURSO_SIMPOSIO
		FOREIGN KEY (ID_SIMPOSIO)
        REFERENCES SIMPOSIO (ID)
);


CREATE TABLE PESSOA_SIMPOSIO(
	`ID_PESSOA` INT NOT NULL,
    `ID_SIMPOSIO` INT NOT NULL,
    PRIMARY KEY(ID_PESSOA, ID_SIMPOSIO),
    CONSTRAINT FK_ID_PESSOA_SIMPOSIO_PESSOA
		FOREIGN KEY (ID_PESSOA)
        REFERENCES PESSOA (ID),
	CONSTRAINT FK_ID_SIMPOSIO_SIMPOSIO
		FOREIGN KEY (ID_SIMPOSIO)
        REFERENCES SIMPOSIO (ID)
);

CREATE TABLE PESSOA_COMISSAO_CIENTIFICA(
	`ID_PESSOA` INT NOT NULL,
    `ID_COMISSAO` INT NOT NULL,
    PRIMARY KEY(ID_PESSOA, ID_COMISSAO),
    CONSTRAINT FK_ID_PESSOA_PESSOA
		FOREIGN KEY (ID_PESSOA)
        REFERENCES PESSOA (ID),
	CONSTRAINT FK_ID_COMISSAO_COMISSAO_CIENTIFICA
		FOREIGN KEY (ID_COMISSAO)
        REFERENCES COMISSAO_CIENTIFICA (ID)
);

ALTER TABLE SIMPOSIO
ADD COLUMN `DATA_INICIO` DATE,
ADD COLUMN `DATA_FIM` DATE,
ADD COLUMN `LOCAL` VARCHAR(255),
ADD COLUMN `DESCRICAO` TEXT;

ALTER TABLE PESSOA
ADD COLUMN `EMAIL` VARCHAR(255),
ADD COLUMN `TELEFONE` VARCHAR(20),
ADD COLUMN `DATA_NASCIMENTO` DATE,
ADD COLUMN `ENDERECO` VARCHAR(255);

ALTER TABLE MINICURSO
ADD COLUMN `CARGA_HORARIA` INT,
ADD COLUMN `INSTRUTOR` VARCHAR(255),
ADD COLUMN `PRE_REQUISITO` TEXT;

ALTER TABLE TEMA
ADD COLUMN `DESCRICAO` TEXT,
ADD COLUMN `RELEVANCIA` VARCHAR(255);

ALTER TABLE ARTIGO
ADD COLUMN `AUTOR` VARCHAR(255),
ADD COLUMN `DATA_PUBLICACAO` DATE,
ADD COLUMN `ABSTRACT` TEXT;

ALTER TABLE COMISSAO_CIENTIFICA
ADD COLUMN `RESPONSAVEL` VARCHAR(255),
ADD COLUMN `DATA_CRIACAO` DATE;

ALTER TABLE AVALIACAO_ARTIGO_COMISSAO
ADD COLUMN `NOTA` DECIMAL(3, 2),
ADD COLUMN `DATA_AVALIACAO` DATE;

ALTER TABLE PESSOA_ARTIGO
ADD COLUMN `TIPO_COLABORACAO` VARCHAR(50),
ADD COLUMN `DATA_SUBMISSAO` DATE;

ALTER TABLE MINICURSO_SIMPOSIO
ADD COLUMN `HORARIO` TIME,
ADD COLUMN `VAGAS_DISPONIVEIS` INT;

ALTER TABLE PESSOA_MINICURSO
ADD COLUMN `STATUS_INSCRICAO` VARCHAR(50),
ADD COLUMN `DATA_INSCRICAO` DATE;

ALTER TABLE PESSOA_SIMPOSIO
ADD COLUMN `FUNCAO` VARCHAR(50);

ALTER TABLE PESSOA_COMISSAO_CIENTIFICA
ADD COLUMN `PAPEL` VARCHAR(50);

-- Inserção de dados na tabela SIMPOSIO
INSERT INTO SIMPOSIO (NOME, DATA_INICIO, DATA_FIM, LOCAL, DESCRICAO) VALUES
('Simposio de Tecnologia', '2025-06-01', '2025-06-03', 'Centro de Convenções XYZ', 'Evento sobre inovações tecnológicas e startups'),
('Simposio de Saúde', '2025-07-15', '2025-07-17', 'Auditório Hospital ABC', 'Discussão sobre avanços na medicina e saúde pública'),
('Simposio de Educação', '2025-08-05', '2025-08-07', 'Universidade DEF', 'Conferências sobre o futuro da educação e novas metodologias');

-- Inserção de dados na tabela PESSOA
INSERT INTO PESSOA (NOME, EMAIL, TELEFONE, DATA_NASCIMENTO, ENDERECO) VALUES
('João Silva', 'joao.silva@email.com', '(11) 1234-5678', '1985-10-15', 'Rua A, 123, São Paulo, SP'),
('Maria Oliveira', 'maria.oliveira@email.com', '(11) 9876-5432', '1990-05-20', 'Rua B, 456, São Paulo, SP'),
('Carlos Souza', 'carlos.souza@email.com', '(21) 1122-3344', '1987-08-10', 'Rua C, 789, Rio de Janeiro, RJ'),
('Ana Costa', 'ana.costa@email.com', '(21) 2233-4455', '1992-11-25', 'Rua D, 101, Rio de Janeiro, RJ'),
('Pedro Almeida', 'pedro.almeida@email.com', '(31) 3344-5566', '1980-03-30', 'Rua E, 202, Belo Horizonte, MG');

-- Inserção de dados na tabela MINICURSO
INSERT INTO MINICURSO (NOME, CARGA_HORARIA, INSTRUTOR, PRE_REQUISITO) VALUES
('Curso de Programação em Python', 40, 'Dr. João Silva', 'Conhecimentos básicos de informática'),
('Curso de Inteligência Artificial', 60, 'Prof. Maria Oliveira', 'Conhecimentos em matemática e programação'),
('Curso de Redes de Computadores', 30, 'Carlos Souza', 'Noções básicas de redes e sistemas operacionais');

-- Inserção de dados na tabela TEMA
INSERT INTO TEMA (NOME, DESCRICAO, RELEVANCIA) VALUES
('Tecnologia e Inovação', 'Exploração de novas tecnologias e tendências', 'Alta relevância no mercado atual'),
('Saúde e Bem-Estar', 'Temas ligados à medicina, saúde pública e bem-estar social', 'Fundamental para o desenvolvimento da sociedade'),
('Educação e Ensino', 'Novas metodologias de ensino e tecnologias aplicadas à educação', 'Essencial para a formação de futuros profissionais');

-- Inserção de dados na tabela ARTIGO
INSERT INTO ARTIGO (NOME, ID_TEMA, AUTOR, DATA_PUBLICACAO, ABSTRACT) VALUES
('Impacto da Tecnologia na Educação', 3, 'Ana Costa', '2025-03-10', 'Este artigo discute como a tecnologia está transformando a educação no século XXI'),
('Desafios da Saúde no Século XXI', 2, 'Carlos Souza', '2025-04-01', 'A medicina enfrenta muitos desafios, como doenças emergentes e sistemas de saúde precários'),
('Avanços na Inteligência Artificial', 1, 'Pedro Almeida', '2025-02-20', 'A IA está mudando o cenário tecnológico, impactando a indústria e a vida cotidiana');

-- Inserção de dados na tabela COMISSAO_CIENTIFICA
INSERT INTO COMISSAO_CIENTIFICA (ID_TEMA, RESPONSAVEL, DATA_CRIACAO) VALUES
(1, 'Dr. João Silva', '2025-01-10'),
(2, 'Prof. Maria Oliveira', '2025-02-15'),
(3, 'Carlos Souza', '2025-03-05');

-- Inserção de dados na tabela AVALIACAO_ARTIGO_COMISSAO
INSERT INTO AVALIACAO_ARTIGO_COMISSAO (ID_ARTIGO, ID_COMISSAO, NOTA, DATA_AVALIACAO) VALUES
(1, 1, 8.5, '2025-03-12'),
(2, 2, 7.0, '2025-04-02'),
(3, 3, 9.0, '2025-03-25');

-- Inserção de dados na tabela PESSOA_ARTIGO
INSERT INTO PESSOA_ARTIGO (ID_PESSOA, ID_ARTIGO, TIPO_COLABORACAO, DATA_SUBMISSAO) VALUES
(1, 1, 'Autor', '2025-02-01'),
(2, 2, 'Co-autor', '2025-03-15'),
(3, 3, 'Autor', '2025-01-10'),
(4, 1, 'Co-autor', '2025-02-20'),
(5, 2, 'Revisor', '2025-03-05');

-- Inserção de dados na tabela MINICURSO_SIMPOSIO
INSERT INTO MINICURSO_SIMPOSIO (ID_MINICURSO, ID_SIMPOSIO, HORARIO, VAGAS_DISPONIVEIS) VALUES
(1, 1, '09:00:00', 50),
(2, 2, '14:00:00', 40),
(3, 3, '10:00:00', 30);

-- Inserção de dados na tabela PESSOA_MINICURSO
INSERT INTO PESSOA_MINICURSO (ID_PESSOA, ID_MINICURSO, ID_SIMPOSIO, STATUS_INSCRICAO, DATA_INSCRICAO) VALUES
(1, 1, 1, 'Confirmada', '2025-05-01'),
(2, 2, 2, 'Pendente', '2025-06-10'),
(3, 3, 3, 'Confirmada', '2025-06-15'),
(4, 1, 1, 'Cancelada', '2025-05-10'),
(5, 2, 2, 'Confirmada', '2025-06-01');

-- Inserção de dados na tabela PESSOA_SIMPOSIO
INSERT INTO PESSOA_SIMPOSIO (ID_PESSOA, ID_SIMPOSIO, FUNCAO) VALUES
(1, 1, 'Participante'),
(2, 2, 'Palestrante'),
(3, 3, 'Participante'),
(4, 1, 'Organizador'),
(5, 2, 'Palestrante');

-- Inserção de dados na tabela PESSOA_COMISSAO_CIENTIFICA
INSERT INTO PESSOA_COMISSAO_CIENTIFICA (ID_PESSOA, ID_COMISSAO, PAPEL) VALUES
(1, 1, 'Avaliador'),
(2, 2, 'Coordenador'),
(3, 3, 'Avaliador'),
(4, 1, 'Coordenador'),
(5, 2, 'Avaliador');
